<?xml version='1.0' encoding='utf-8'?>

<scene version="0.5.0">
	<integrator type="path">
		<integer name="emitterSamples" value="0"/>
		<integer name="bsdfSamples" value="16"/>
	</integrator>

	<texture type="checkerboard" id="__planetex">
		<rgb name="color0" value="0.4"/>
		<rgb name="color1" value="0.2"/>
		<float name="uscale" value="4.0"/>
		<float name="vscale" value="4.0"/>
		<float name="uoffset" value="0.0"/>
		<float name="voffset" value="0.0"/>
	</texture>

	<shape type="obj">
		<string name="filename" value="dj_matpreview_globe.obj"/>
		<bsdf type="dj_brdf">
			<float name="alpha1" value="1.0"/>
			<float name="alpha2" value="1.0"/>
			<string name="merl" value="./dj_matpreview/blue-metallic-paint.binary"/>
<!--			<string name="utia" value="./dj_matpreview/m064_fabric099.bin"/>-->
			<string name="distribution" value="tabular"/>
		</bsdf>
	</shape>

	<shape type="obj">
		<string name="filename" value="dj_matpreview_stand.obj"/>
		<bsdf type="diffuse">
			<rgb name="reflectance" value="0.18 0.18 0.18"/>
		</bsdf>
	</shape>

	<shape type="obj">
		<string name="filename" value="dj_matpreview_background.obj"/>
		<bsdf type="diffuse" id="__planemat">
			<ref name="reflectance" id="__planetex"/>
		</bsdf>
	</shape>

	<emitter type="envmap" id="Area_002-light">
		<string name="filename" value="envmap.exr"/>
		<transform name="toWorld">
			<rotate y="1" angle="30"/>
		</transform>
		<float name="scale" value="3"/>
	</emitter>

	<sensor type="perspective">
		<float name="fov" value="33"/>
		<string name="fovAxis" value="x"/>
		<transform name="toWorld">

			<lookat target="0, 145, -60" origin="0, 400, 340" up="0, 1, 0"/>
		</transform>

		<sampler type="ldsampler">
			<integer name="sampleCount" value="64"/>
		</sampler>

		<film type="ldrfilm">
			<boolean name="banner" value="false"/>
			<float name="exposure" value="0"/>
			<float name="gamma" value="-1"/>
			<string name="pixelFormat" value="rgb"/>
			<string name="tonemapMethod" value="gamma"/>
			<integer name="width" value="512"/>
			<integer name="height" value="512"/>

			<rfilter type="gaussian"/>
		</film>
	</sensor>
</scene>
