<?xml version='1.0' encoding='utf-8'?>

<scene version="0.5.0">
	<integrator type="path"/>

	<texture type="checkerboard" id="__planetex">
		<rgb name="color0" value="0.4"/>
		<rgb name="color1" value="0.2"/>
		<float name="uscale" value="4.0"/>
		<float name="vscale" value="4.0"/>
		<float name="uoffset" value="0.0"/>
		<float name="voffset" value="0.0"/>
	</texture>

	<shape type="obj">
		<string name="filename" value="dj/dj_matpreview_globe.obj"/>
		<!--		<integer name="shapeIndex" value="2"/>-->
		<transform name="toWorld">
			<scale value="0.1"/>
		</transform>

		<bsdf type="merl_ggx">
			<string name="filename" value="merl/blue-metallic-paint.binary"/>
			<float name="alphaU" value="1.0"/> 
			<float name="alphaV" value="1.0"/> 
		</bsdf>
	</shape>

	<shape type="obj">
		<string name="filename" value="dj/dj_matpreview_stand.obj"/>
		<!--		<integer name="shapeIndex" value="2"/>-->
		<transform name="toWorld">
			<scale value="0.1"/>
		</transform>

		<bsdf type="diffuse">
			<rgb name="reflectance" value="0.18 0.18 0.18"/>
		</bsdf>
	</shape>

	<shape type="obj">
		<string name="filename" value="dj/dj_matpreview_background.obj"/>
		<!--		<integer name="shapeIndex" value="2"/>-->
		<transform name="toWorld">
			<scale value="0.1"/>
		</transform>

		<bsdf type="diffuse" id="__planemat">
			<ref name="reflectance" id="__planetex"/>
		</bsdf>
	</shape>

	<emitter type="envmap" id="Area_002-light">
		<string name="filename" value="envmap.exr"/>
		<transform name="toWorld">
			<rotate y="1" angle="30"/>
			<!--					<matrix value="-0.224951 -0.000001 -0.974370 0.000000 -0.974370 0.000000 0.224951 0.000000 0.000000 1.000000 -0.000001 8.870000 0.000000 0.000000 0.000000 1.000000 "/>-->
		</transform>
		<float name="scale" value="3"/>
	</emitter>

	<sensor type="perspective">
		<float name="focusDistance" value="47.9315"/>
		<float name="fov" value="32.9498"/>
		<string name="fovAxis" value="x"/>
		<transform name="toWorld">

			<lookat target="0.140556, 39.5535, 33.1524" origin="0.143551, 40.0922, 33.9949" up="-0.000170896, 0.842505, -0.538689"/>
		</transform>

		<sampler type="ldsampler">
			<integer name="sampleCount" value="512"/>
		</sampler>

		<film type="ldrfilm">
			<boolean name="banner" value="false"/>
			<integer name="height" value="512"/>
			<string name="pixelFormat" value="rgb"/>
			<integer name="width" value="512"/>

			<rfilter type="gaussian"/>
		</film>
	</sensor>
</scene>
